{"cameraMode":{"drawMode":0,"name":"Shaded","section":"Shading Mode"},"sceneLighting":true,"audioPlay":false,"sceneViewState":{"m_AlwaysRefresh":false,"showFog":true,"showSkybox":true,"showFlares":true,"showImageEffects":true,"showParticleSystems":true,"showVisualEffectGraphs":true,"m_FxEnabled":true},"in2DMode":false,"pivot":{"x":0.288893461227417,"y":13.631893157958985,"z":-14.210315704345704},"rotation":{"x":-0.05335575342178345,"y":0.1837712973356247,"z":-0.009990117512643338,"w":-0.9814708828926086},"size":0.000017065205611288548,"orthographic":false}